No.,Channel Name,Receive Frequency,Transmit Frequency,Channel Type,DMR MODE,Band Width,CTCSS/DCS Encode,Contact,Contact TG/DMR ID,Color Code,Slot,Scan List
1,WW7PSR,146.96,146.36,A-Analog,0,25K,103.5,,,1,,Metro
3,WW7PSR,440.775,445.775,D-Digital,1,12.5K,,Seattle1,803153,2,1,Metro
4,NC7G,146.66,146.06,A-Analog,0,25K,103.5,,,1,,Metro
5,WA7ST,443.1,448.1,A-Analog,0,25K,103.5,,,1,,Metro
6,K7DK,440.95,445.95,A-Analog,0,25K,110.9,,,1,,North
7,N7GDE,145.19,144.59,A-Analog,0,25K,127.3,,,1,,North
8,W7ACS,442.3,447.3,A-Analog,0,25K,141.3,,,1,,Metro
9,W7ACS,444.55,449.55,A-Analog,0,25K,141.3,,,1,,Metro
10,W7ACS,442.875,447.875,A-Analog,0,25K,141.3,,,1,,Metro
11,W7ACS,443.475,448.475,A-Analog,0,25K,141.3,,,1,,Metro
12,W7ACS,443.65,448.65,A-Analog,0,25K,141.3,,,1,,Metro
13,W7ACS,440.6,445.6,A-Analog,0,25K,141.3,,,1,,Metro
14,W7ACS,443.2,448.2,A-Analog,0,25K,141.3,,,1,,Metro
16,W7JCR,145.15,144.55,A-Analog,0,25K,114.8,,,1,,North
17,AA7MI,440.725,445.725,A-Analog,0,25K,114.8,,,1,,North
18,NT7H,147.36,147.96,A-Analog,0,25K,103.5,,,1,,South
20,NT7H,441.4,446.4,A-Analog,0,25K,103.5,,,1,,South
21,W7MIR,147.16,147.76,A-Analog,0,25K,146.2,,,1,,Metro
22,W7MIR,440.15,445.15,A-Analog,0,25K,103.5,,,1,,Metro
23,KC7Z,444.075,449.075,A-Analog,0,25K,103.5,,,1,,Metro
24,W7AVM,146.86,146.26,A-Analog,0,25K,127.3,,,1,,North
25,N7KN,441.425,446.425,A-Analog,0,25K,110.9,,,1,,North
26,WW7SEA,444.7,449.7,A-Analog,0,25K,103.5,,,1,,Metro
27,W7AUX,442.825,447.825,A-Analog,0,25K,103.5,,,1,,Metro
28,W7AUX,440.3,445.3,A-Analog,0,25K,103.5,,,1,,Metro
30,K7NWS,145.33,144.73,A-Analog,0,25K,179.9,,,1,,Metro
32,K7NWS,442.075,447.075,D-Digital,1,12.5K,,BEARS1,312488,2,1,Metro
34,K7LWH,145.49,144.89,A-Analog,0,25K,103.5,,,1,,Metro
36,K7LWH,441.075,446.075,A-Analog,0,25K,103.5,,,1,,Metro
37,W7FLY,443.925,448.925,A-Analog,0,25K,100.0,,,1,,Metro
38,NE7MC,442.0,447.0,A-Analog,0,25K,141.3,,,1,,Metro
39,WW7STR,146.875,146.275,D-Digital,1,12.5K,,Local1,3181,1,1,Metro
41,WW7STR,441.55,446.55,A-Analog,0,25K,103.5,,,1,,Metro
42,WW7STR,443.05,448.05,A-Analog,0,25K,103.5,,,1,,Metro
44,N3KPU,145.23,144.63,A-Analog,0,25K,146.2,,,1,,South
45,KE7YYD,442.75,447.75,A-Analog,0,25K,146.2,,,1,,South
47,WA7FW,147.04,147.64,A-Analog,0,25K,103.5,,,1,,Metro
48,WA7FW,146.76,146.16,A-Analog,0,25K,103.5,,,1,,Metro
49,WA7FW,442.95,447.95,A-Analog,0,25K,103.5,,,1,,Metro
50,WA7FW,442.925,447.925,A-Analog,0,25K,D036N,,,1,,South
54,K7SKW,146.74,146.14,A-Analog,0,25K,103.5,,,1,,North
55,K7SKW,444.05,449.05,A-Analog,0,25K,103.5,,,1,,North
56,K7SKW,443.75,448.75,A-Analog,0,25K,103.5,,,1,,North
57,K7SKW,147.16,147.76,A-Analog,0,25K,103.5,,,1,,North
58,K7SKW,443.65,448.65,A-Analog,0,25K,103.5,,,1,,North
59,KA7EOC,145.35,144.75,A-Analog,0,25K,103.5,,,1,,Metro
60,N7SK,146.72,146.12,A-Analog,0,25K,103.5,,,1,,South
61,N7SK,443.25,448.25,A-Analog,0,25K,100.0,,,1,,South
63,WA7LAW,147.18,147.78,A-Analog,0,25K,103.5,,,1,,North
64,WA7LAW,444.575,449.575,A-Analog,0,25K,103.5,,,1,,North
65,NM7E,145.17,144.57,A-Analog,0,25K,103.5,,,1,,South
67,W7EAT,146.7,146.1,A-Analog,0,25K,103.5,,,1,,South
69,W7EAT,442.725,447.725,A-Analog,0,25K,103.5,,,1,,South
70,W7AAO,145.37,144.77,A-Analog,0,25K,136.5,,,1,,South
71,K7LED,146.82,146.22,A-Analog,0,25K,103.5,,,1,,Metro
73,WA7HJR,444.65,449.65,A-Analog,0,25K,131.8,,,1,,Metro
76,W7NPC,444.475,449.475,A-Analog,0,25K,103.5,,,1,,Metro
79,K6MBY,444.9,449.9,A-Analog,0,25K,131.8,,,1,,North
