No.,Channel Name,Receive Frequency,Transmit Frequency,Channel Type,DMR MODE,Band Width,CTCSS/DCS Encode,Contact,Contact TG/DMR ID,Color Code,Slot,Scan List
1,WW7PSR,146.96,146.36,A-Analog,0,25K,103.5,,,1,,Metro
4,W7PFR,443.975,448.975,A-Analog,0,25K,103.5,,,1,,South
5,WW7SEA,444.425,449.425,A-Analog,0,25K,141.3,,,1,,Metro
6,WW7SEA,444.7,449.7,A-Analog,0,25K,103.5,,,1,,Metro
7,W7DX,147.0,146.4,A-Analog,0,25K,103.5,,,1,,Metro
8,W7JCR,145.15,144.55,A-Analog,0,25K,114.8,,,1,,North
9,AA7MI,440.725,445.725,A-Analog,0,25K,114.8,,,1,,North
10,WA7DEM,146.775,146.175,A-Analog,0,12.5K,156.7,,,1,,Metro
11,WA7DEM,146.925,146.325,A-Analog,0,12.5K,156.7,,,1,,North
13,WA7DEM,442.975,447.975,A-Analog,0,12.5K,156.7,,,1,,Metro
14,WA7DEM,443.725,448.725,A-Analog,0,12.5K,156.7,,,1,,Metro
15,WA7DEM,444.025,449.025,A-Analog,0,12.5K,156.7,,,1,,Metro
16,WA7DEM,444.2,449.2,A-Analog,0,12.5K,156.7,,,1,,North
17,WA7DEM,444.3,449.3,A-Analog,0,12.5K,156.7,,,1,,North
18,W7MIR,147.16,147.76,A-Analog,0,25K,146.2,,,1,,Metro
19,W7MIR,440.15,445.15,A-Analog,0,25K,103.5,,,1,,Metro
20,W7DG,147.1,147.7,A-Analog,0,25K,114.8,,,1,,South
21,W7DG,147.3,147.9,A-Analog,0,25K,114.8,,,1,,South
23,W7DG,444.9,449.9,A-Analog,0,25K,114.8,,,1,,South
24,K6RFK,147.34,147.94,A-Analog,0,25K,100,,,1,,Metro
25,K6RFK,442.775,447.775,A-Analog,0,25K,100,,,1,,Metro
26,W7AAO,145.37,144.77,A-Analog,0,25K,136.5,,,1,,South
27,W7AAO,146.64,146.04,A-Analog,0,25K,103.5,,,1,,South
29,WA7FW,146.76,146.16,A-Analog,0,25K,103.5,,,1,,South
30,WA7FW,147.04,147.64,A-Analog,0,25K,103.5,,,1,,Metro
31,WA7FW,442.925,447.925,A-Analog,0,25K,,,,1,,Metro
32,WA7FW,442.95,447.95,A-Analog,0,25K,103.5,,,1,,Metro
33,KC7EQO,442.1,447.1,A-Analog,0,25K,100,,,1,,North
34,KC7Z,146.62,146.02,A-Analog,0,25K,103.5,,,1,,South
35,KC7Z,442.65,447.65,A-Analog,0,12.5K,103.5,,,1,,South
36,KC7Z,444.075,449.075,A-Analog,0,12.5K,103.5,,,1,,Metro
37,K7NWS,145.33,144.73,A-Analog,0,25K,179.9,,,1,,Metro
39,K7NWS,442.075,447.075,A-Analog,0,25K,110.9,,,1,,Metro
44,N9VW,443.325,448.325,A-Analog,0,25K,103.5,,,1,,Metro
45,KC7RAS,147.1,147.7,A-Analog,0,25K,123,,,1,,Metro
46,W7PIG,147.36,147.96,A-Analog,0,25K,127.3,,,1,,North
48,W7PIG,441.05,446.05,A-Analog,0,25K,127.3,,,1,,North
51,W7AUX,440.3,445.3,A-Analog,0,25K,103.5,,,1,,Metro
52,W7AUX,442.825,447.825,A-Analog,0,25K,103.5,,,1,,Metro
54,K7CH,444.45,449.45,A-Analog,0,25K,100,,,1,,South
55,K7LED,146.82,146.22,A-Analog,0,25K,103.5,,,1,,Metro
58,W7AW,145.13,144.53,A-Analog,0,25K,103.5,,,1,,Metro
59,W7AW,441.8,446.8,A-Analog,0,25K,141.3,,,1,,Metro
60,N7GDE,145.19,144.59,A-Analog,0,25K,127.3,,,1,,North
61,N7SK,146.72,146.12,A-Analog,0,25K,103.5,,,1,,South
62,N7SK,443.25,448.25,A-Analog,0,25K,100,,,1,,South
64,WA7LAW,147.18,147.78,A-Analog,0,25K,103.5,,,1,,North
65,WA7LAW,444.575,449.575,A-Analog,0,25K,103.5,,,1,,North
66,K7PP,147.28,147.88,A-Analog,0,25K,123,,,1,,North
67,K7PP,441.2,446.2,A-Analog,0,25K,123,,,1,,South
68,K7PP,441.3,446.3,A-Analog,0,25K,123,,,1,,South
69,K7PP,443.4,448.4,A-Analog,0,25K,123,,,1,,Metro
70,KC7Z,441.175,446.175,A-Analog,0,12.5K,103.5,,,1,,South
71,WA7MV,147.32,147.92,A-Analog,0,25K,100.0,,,1,,North
72,WA7MV,146.72,146.12,A-Analog,0,25K,100.0,,,1,,North
73,WA7MV,444.8,449.8,A-Analog,0,25K,110.9,,,1,,North
74,K7LWH,145.49,144.89,A-Analog,0,25K,103.5,,,1,,Metro
76,K7LWH,441.075,446.075,A-Analog,0,25K,103.5,,,1,,Metro
79,WR7VHF,146.88,146.28,A-Analog,0,25K,123.0,,,1,,South
80,WR7VHF,147.34,147.94,A-Analog,0,25K,123.0,,,1,,North
81,WR7VHF,444.6,449.6,A-Analog,0,25K,123.0,,,1,,North
82,K7JEP,145.49,144.89,A-Analog,0,25K,136.5,,,1,,North
83,K7JEP,444.55,449.55,A-Analog,0,25K,,,,1,,North
84,K7RHT,147.0,147.6,A-Analog,0,25K,131.8,,,1,,South
85,K7RHT,444.45,449.45,A-Analog,0,25K,131.8,,,1,,South
86,KC7VQR,147.24,147.84,A-Analog,0,25K,192.8,,,1,,South
87,W6TQF,440.325,445.325,A-Analog,0,25K,100.0,,,1,,South
88,KB7APU,145.25,144.65,A-Analog,0,25K,186.2,,,1,,South
89,N7MHE,145.35,144.75,A-Analog,0,25K,100.0,,,1,,South
91,K7SWI,444.375,449.375,A-Analog,0,25K,100.0,,,1,,South
92,N7UBO,146.74,146.14,A-Analog,0,25K,100.0,,,1,,South
93,KI7PWR,146.92,146.32,A-Analog,0,25K,100.0,,,1,,South
94,NE7MC,442.0,447.0,A-Analog,0,25K,141.3,,,1,,Metro
95,NM7E,145.17,144.57,A-Analog,0,25K,103.5,,,1,,South
97,W7ACS,440.525,445.525,A-Analog,0,25K,141.3,,,1,,Metro
98,W7ACS,440.6,445.6,A-Analog,0,25K,141.3,,,1,,Metro
99,W7ACS,442.3,447.3,A-Analog,0,25K,141.3,,,1,,Metro
100,W7ACS,442.875,447.875,A-Analog,0,25K,141.3,,,1,,Metro
101,W7ACS,443.025,448.025,A-Analog,0,25K,141.3,,,1,,Metro
102,W7ACS,443.2,448.2,A-Analog,0,25K,141.3,,,1,,Metro
103,W7ACS,443.475,448.475,A-Analog,0,25K,141.3,,,1,,Metro
104,W7ACS,443.65,448.65,A-Analog,0,25K,141.3,,,1,,Metro
105,W7ACS,444.55,449.55,A-Analog,0,25K,141.3,,,1,,Metro
106,KK7DFL,145.275,144.675,A-Analog,0,12.5K,100,,,1,,South
107,W7DK,145.21,144.61,A-Analog,0,25K,141.3,,,1,,South
108,W7DK,147.28,147.88,A-Analog,0,25K,103.5,,,1,,South
109,W7DK,147.38,147.98,A-Analog,0,25K,103.5,,,1,,South
110,W7DK,440.625,445.625,A-Analog,0,25K,103.5,,,1,,South
111,W7FLY,443.925,448.925,A-Analog,0,25K,100,,,1,,Metro
112,WA7ST,443.1,448.1,A-Analog,0,25K,103.5,,,1,,Metro
113,NC7G,146.66,146.06,A-Analog,0,25K,103.5,,,1,,Metro
114,W7BUR,441.125,446.125,A-Analog,0,25K,103.5,,,1,,Metro
115,WA7DES,443.7,448.7,A-Analog,0,25K,123,,,1,,Metro
116,N7MHE,146.7,146.1,A-Analog,0,25K,100.0,,,1,,South
117,W7NPC,444.475,449.475,A-Analog,0,12.5K,103.5,,,1,,Metro
120,KB7ARA,147.28,147.88,A-Analog,0,25K,,,,1,,South
121,KA7FVV,147.32,147.92,A-Analog,0,25K,103.5,,,1,,South
122,N7WRR,147.36,147.96,A-Analog,0,25K,,,,1,,North
123,N7WRQ,147.38,147.98,A-Analog,0,25K,100.0,,,1,,South
124,N7OEP,440.075,445.075,A-Analog,0,25K,103.5,,,1,,South
125,N7OEP,443.175,448.175,A-Analog,0,25K,107.2,,,1,,South
127,KB7APU,145.25,144.65,A-Analog,0,25K,186.2,,,1,,South
128,N7KN,441.425,446.425,A-Analog,0,25K,110.9,,,1,,North
129,N7YRC,442.725,447.725,A-Analog,0,25K,127.3,,,1,,South
130,N7YRC,444.75,449.75,A-Analog,0,25K,131.8,,,1,,South
132,N3KPU,145.23,144.63,A-Analog,0,25K,146.2,,,1,,South
133,KE7YYD,442.75,447.75,A-Analog,0,25K,100,,,1,,South
134,K7CST,147.32,147.92,A-Analog,0,25K,103.5,,,1,,Metro
135,WA7SAR,146.86,146.26,A-Analog,0,25K,123.0,,,1,,South
136,WA7SAR,147.08,147.68,A-Analog,0,25K,123.0,,,1,,South
137,WA7SAR,444.6,449.6,A-Analog,0,25K,123.0,,,1,,South
138,N7JN,146.7,146.1,A-Analog,0,25K,131.8,,,1,,North
140,N7JN,443.45,448.45,A-Analog,0,25K,103.5,,,1,,North
142,W7ECG,442.25,447.25,A-Analog,0,25K,156.7,,,1,,North
143,W7ECG,442.825,447.825,A-Analog,0,25K,156.7,,,1,,North
144,W7AVM,146.86,146.26,A-Analog,0,25K,127.3,,,1,,North
145,W7AVM,147.22,147.82,A-Analog,0,25K,127.3,,,1,,North
146,KB7ARA,147.02,147.62,A-Analog,0,25K,,,,1,,South
147,K7BEL,441.1,446.1,A-Analog,0,25K,156.7,,,1,,Metro
148,WW7STR,147.08,147.68,A-Analog,0,25K,103.5,,,1,,Metro
149,WW7STR,147.875,147.275,A-Analog,0,12.5K,88.5,,,1,,Metro
151,WW7STR,441.55,446.55,A-Analog,0,25K,103.5,,,1,,Metro
152,WW7STR,442.15,447.15,A-Analog,0,25K,103.5,,,1,,Metro
153,WW7STR,444.85,449.85,A-Analog,0,25K,103.5,,,1,,Metro
